{
  "ipcMode": null,
  "executionRoleArn": "arn:aws:iam::692087017035:role/ecsTaskExecutionRole",
  "containerDefinitions": [
    {
      "dnsSearchDomains": null,
      "logConfiguration": {
        "logDriver": "awslogs",
        "secretOptions": null,
        "options": {
          "awslogs-group": "/ecs/as-typescript-microservice-template",
          "awslogs-region": "eu-west-1",
          "awslogs-stream-prefix": "ecs"
        }
      },
      "entryPoint": null,
      "portMappings": [
        {
          "hostPort": 3000,
          "protocol": "tcp",
          "containerPort": 3000
        }
      ],
      "command": null,
      "linuxParameters": null,
      "cpu": 0,
      "resourceRequirements": null,
      "ulimits": null,
      "dnsServers": null,
      "mountPoints": [],
      "environment": [
        {
          "name": "NODE_ENV",
          "value": "production"
        }
      ],
      "secrets": [
        {
          "valueFrom": "arn:aws:secretsmanager:eu-west-1:692087017035:secret:TypescriptMicroserviceTemplate-WIuJI2",
          "name": "AWS_ENVIRONMENT_VARIABLES"
        }
      ],
      "workingDirectory": null,
      "dockerSecurityOptions": null,
      "memory": null,
      "memoryReservation": null,
      "volumesFrom": [],
      "stopTimeout": null,
      "image": "692087017035.dkr.ecr.eu-west-1.amazonaws.com/as-typescript-microservice-template",
      "startTimeout": null,
      "firelensConfiguration": null,
      "dependsOn": null,
      "disableNetworking": null,
      "interactive": null,
      "healthCheck": null,
      "essential": true,
      "links": null,
      "hostname": null,
      "extraHosts": null,
      "pseudoTerminal": null,
      "user": null,
      "readonlyRootFilesystem": null,
      "dockerLabels": null,
      "systemControls": null,
      "privileged": null,
      "name": "as-typescript-microservice-template"
    }
  ],
  "placementConstraints": [],
  "memory": "1024",
  "taskRoleArn": "arn:aws:iam::692087017035:role/ecsTaskExecutionRole",
  "family": "as-typescript-microservice-template",
  "pidMode": null,
  "requiresCompatibilities": ["FARGATE"],
  "networkMode": "awsvpc",
  "cpu": "512",
  "inferenceAccelerators": null,
  "proxyConfiguration": null,
  "volumes": []
}
